id,year
55885858,1944
55885859,1989
55885860,1975
55885861,1972
55885862,1949
55885863,1975
55885864,1951
55885865,1958
55885866,1958
55885867,1958
55885868,1953
55885869,1963
55885870,1946
55885871,1953
55885872,1974
55885873,1968
55885874,1983
55885875,1989
55885876,1946
55885877,1995
55885878,1973
55885879,1964
55885880,1971
55885881,1951
55885882,1976
55885883,1978
55885884,1991
55885885,1958
55885886,1953
55885887,1997
55885888,1984
55885889,1962
55885890,1987
55885891,1973
55885892,1946
55885893,1974
55885894,1976
55885895,1972
55885896,1965
55885897,1945
55885898,1964
55885899,1991
55885900,1980
55885901,1953
55885902,1997
55885903,1989
55885904,1985
55885905,1970
55885906,1976
55885907,1993
55885908,1989
55885909,1952
55885910,1982
55885911,1953
55885912,1974
55885913,1964
55885914,1950
55885915,1947
55885916,1956
55885917,1945
55885918,1971
55885919,1964
55885920,1993
55885921,1945
55885922,1950
55885923,1992
55885924,1962
55885925,1983
55885926,1992
55885927,1977
55885928,1972
55885929,1989
55885930,1957
55885931,1957
55885932,1977
55885933,1982
55885934,1981
55885935,1997
55885936,1957
55885937,1943
55885938,1996
55885939,1977
55885940,1954
55885941,1998
55885942,1989
55885943,1974
55885944,1970
55885945,1969
55885946,1962
55885947,1991
55885948,1997
55885949,1962
55885950,1976
55885951,1959
55885952,1944
55885953,1960
55885954,1971
55885955,1985
55885956,1962
55885957,1954
55885958,1953
55885959,1943
55885960,1983
55885961,1994
55885962,1989
55885963,1997
55885964,1974
55885965,1974
55885966,1961
55885967,1977
55885968,1956
55885969,1946
55885970,1966
55885971,1944
55885972,1976
55885973,1981
55885974,1957
55885975,1964
55885976,1974
55885977,1987
55885978,1973
55885979,1957
55885980,1978
55885981,1982
55885982,1981
55885983,1994
55885984,1992
55885985,1943
55885986,1966
55885987,1992
55885988,1952
55885989,1961
55885990,1976
55885991,1952
55885992,1946
55885993,1991
55885994,1976
55885995,1981
55885996,1964
55885997,1983
55885998,1951
55885999,1971
55886000,1999
55886001,1958
55886002,1951
55886003,1966
55886004,1947
55886005,1990
55886006,1945
55886007,1953
55886008,1996
55886009,1987
55886010,1990
55886011,1976
55886012,1974
55886013,1971
55886014,1945
55886015,1993
55886016,1964
55886017,1953
55886018,1959
55886019,1978
55886020,1988
55886021,1968
55886022,1952
55886023,1946
55886024,1979
55886025,1967
55886026,1957
55886027,1963
55886028,1989
55886029,1981
55886030,1965
55886031,1995
55886032,1975
55886033,1987
55886034,1943
55886035,1960
55886036,1961
55886037,1959
55886038,1976
55886039,1988
55886040,1960
55886041,1999
55886042,1961
55886043,1959
55886044,1957
55886045,1991
55886046,1993
55886047,1996
55886048,1945
55886049,1963
55886050,1953
55886051,1978
55886052,1978
55886053,1953
55886054,1960
55886055,1948
55886056,1977
55886057,1954
55886058,1985
55886059,1961
55886060,1982
55886061,1986
55886062,1962
55886063,1958
55886064,1958
55886065,1952
55886066,1955
55886067,1983
55886068,1984
55886069,1950
55886070,1963
55886071,1970
55886072,1949
55886073,1951
55886074,1946
55886075,1986
55886076,1974
55886077,1952
55886078,1978
55886079,1949
55886080,1984
55886081,1994
55886082,1970
55886083,1976
55886084,1954
55886085,1996
55886086,1994
55886087,1985
55886088,1943
55886089,1985
55886090,1987
55886091,1978
55886092,1992
55886093,1973
55886094,1997
55886095,1947
55886096,1979
55886097,1972
55886098,1956
55886099,1957
55886100,1974
55886101,1948
55886102,1995
55886103,1954
55886104,1967
55886105,1959
55886106,1962
55886107,1975
55886108,1968
55886109,1988
55886110,1962
55886111,1969
55886112,1995
55886113,1967
55886114,1978
55886115,1943
55886116,1977
55886117,1955
55886118,1984
55886119,1969
55886120,1948
55886121,1968
55886122,1966
55886123,1995
55886124,1945
55886125,1958
55886126,1982
55886127,1999
55886128,1950
55886129,1950
55886130,1955
55886131,1990
55886132,1962
55886133,1968
55886134,1966
55886135,1950
55886136,1969
55886137,1965
55886138,1996
55886139,1944
55886140,1986
55886141,1975
55886142,1988
55886143,1978
55886144,1968
55886145,1994
55886146,1995
55886147,1943
55886148,1997
55886149,1945
55886150,1992
55886151,1948
55886152,1966
55886153,1956
55886154,1968
55886155,1991
55886156,1986
55886157,1977
55886158,1974
55886159,1982
55886160,1943
55886161,1972
55886162,1995
55886163,1947
55886164,1991
55886165,1961
55886166,1949
55886167,1976
55886168,1994
55886169,1946
55886170,1972
55886171,1947
55886172,1999
55886173,1993
55886174,1964
55886175,1988
55886176,1990
55886177,1975
55886178,1979
55886179,1954
55886180,1997
55886181,1968
55886182,1993
55886183,1949
55886184,1945
55886185,1956
55886186,1981
55886187,1997
55886188,1969
55886189,1980
55886190,1994
55886191,1990
55886192,1960
55886193,1984
55886194,1966
55886195,1995
55886196,1958
55886197,1996
55886198,1978
55886199,1994
55886200,1958
55886201,1984
55886202,1952
55886203,1980
55886204,1975
55886205,1972
55886206,1943
55886207,1993
55886208,1981
55886209,1980
55886210,1954
55886211,1949
55886212,1964
55886213,1992
55886214,1993
55886215,1985
55886216,1985
55886217,1993
55886218,1995
55886219,1960
55886220,1962
55886221,1993
55886222,1967
55886223,1977
55886224,1959
55886225,1957
55886226,1981
55886227,1970
55886228,1964
55886229,1971
55886230,1993
55886231,1978
55886232,1948
55886233,1944
55886234,1997
55886235,1943
55886236,1994
55886237,1978
55886238,1950
55886239,1977
55886240,1979
55886241,1943
55886242,1994
55886243,1995
55886244,1990
55886245,1991
55886246,1961
55886247,1963
55886248,1980
55886249,1963
55886250,1970
55886251,1990
55886252,1988
55886253,1987
55886254,1960
55886255,1984
55886256,1956
55886257,1982
55886258,1956
55886259,1945
55886260,1990
55886261,1949
55886262,1996
55886263,1944
55886264,1963
55886265,1967
55886266,1943
55886267,1981
55886268,1963
55886269,1963
55886270,1983
55886271,1990
55886272,1943
55886273,1988
55886274,1990
55886275,1982
55886276,1973
55886277,1947
55886278,1983
55886279,1994
55886280,1988
55886281,1954
55886282,1974
55886283,1982
55886284,1949
55886285,1984
55886286,1949
55886287,1953
55886288,1986
55886289,1967
55886290,1946
55886291,1958
55886292,1962
55886293,1964
55886294,1982
55886295,1989
55886296,1954
55886297,1983
55886298,1983
55886299,1985
55886300,1947
55886301,1961
55886302,1973
55886303,1955
55886304,1984
55886305,1997
55886306,1963
55886307,1998
55886308,1987
55886309,1960
55886310,1970
55886311,1983
55886312,1968
55886313,1958
55886314,1979
55886315,1979
55886316,1954
55886317,1950
55886318,1946
55886319,1990
55886320,1979
55886321,1971
55886322,1981
55886323,1967
55886324,1979
55886325,1955
55886326,1995
55886327,1989
55886328,1957
55886329,1980
55886330,1981
55886331,1958
55886332,1980
55886333,1967
55886334,1943
55886335,1972
55886336,1990
55886337,1954
55886338,1963
55886339,1992
55886340,1960
55886341,1943
55886342,1963
55886343,1975
55886344,1960
55886345,1969
55886346,1979
55886347,1995
55886348,1967
55886349,1950
55886350,1970
55886351,1975
55886352,1958
55886353,1985
55886354,1975
55886355,1955
55886356,1969
55886357,1944
55886358,1962
55886359,1991
55886360,1983
55886361,1956
55886362,1972
55886363,1992
55886364,1965
55886365,1986
55886366,1956
55886367,1955
55886368,1987
55886369,1949
55886370,1987
55886371,1973
55886372,1999
55886373,1998
55886374,1944
55886375,1994
55886376,1975
55886377,1987
55886378,1972
55886379,1998
55886380,1968
55886381,1984
55886382,1972
55886383,1965
55886384,1970
55886385,1967
55886386,1964
55886387,1966
55886388,1992
55886389,1993
55886390,1945
55886391,1954
55886392,1976
55886393,1982
55886394,1972
55886395,1977
55886396,1961
55886397,1998
55886398,1955
55886399,1978
55886400,1960
55886401,1956
55886402,1975
55886403,1950
55886404,1954
55886405,1972
55886406,1946
55886407,1950
55886408,1984
55886409,1979
55886410,1958
55886411,1985
55886412,1963
55886413,1966
55886414,1949
55886415,1953
55886416,1970
55886417,1981
55886418,1996
55886419,1993
55886420,1986
55886421,1988
55886422,1966
55886423,1967
55886424,1963
55886425,1954
55886426,1949
55886427,1949
55886428,1976
55886429,1953
55886430,1970
55886431,1962
55886432,1978
55886433,1971
55886434,1956
55886435,1991
55886436,1951
55886437,1977
55886438,1982
55886439,1981
55886440,1959
55886441,1956
55886442,1981
55886443,1977
55886444,1998
55886445,1955
55886446,1954
55886447,1971
55886448,1972
55886449,1981
55886450,1951
55886451,1991
55886452,1956
55886453,1947
55886454,1981
55886455,1980
55886456,1982
55886457,1977
55886458,1984
55886459,1973
55886460,1984
55886461,1954
55886462,1954
55886463,1974
55886464,1965
55886465,1980
55886466,1983
55886467,1961
55886468,1948
55886469,1980
55886470,1962
55886471,1967
55886472,1962
55886473,1983
55886474,1958
55886475,1999
55886476,1959
55886477,1943
55886478,1962
55886479,1972
55886480,1990
55886481,1982
55886482,1959
55886483,1981
55886484,1957
55886485,1971
55886486,1949
55886487,1946
55886488,1950
55886489,1996
55886490,1956
55886491,1962
55886492,1968
55886493,1984
55886494,1984
55886495,1959
55886496,1964
55886497,1947
55886498,1982
55886499,1970
55886500,1981
55886501,1949
55886502,1999
55886503,1994
55886504,1987
55886505,1996
55886506,1962
55886507,1955
55886508,1997
55886509,1948
55886510,1998
55886511,1991
55886512,1955
55886513,1977
55886514,1956
55886515,1994
55886516,1979
55886517,1996
55886518,1967
55886519,1944
55886520,1968
55886521,1984
55886522,1964
55886523,1969
55886524,1958
55886525,1998
55886526,1982
55886527,1953
55886528,1977
55886529,1956
55886530,1970
55886531,1968
55886532,1997
55886533,1951
55886534,1980
55886535,1998
55886536,1969
55886537,1968
55886538,1953
55886539,1944
55886540,1987
55886541,1973
55886542,1997
55886543,1977
55886544,1981
55886545,1956
55886546,1959
55886547,1957
55886548,1986
55886549,1953
55886550,1989
55886551,1994
55886552,1999
55886553,1956
55886554,1986
55886555,1978
55886556,1957
55886557,1963
55886558,1970
55886559,1993
55886560,1971
55886561,1979
55886562,1947
55886563,1968
55886564,1959
55886565,1978
55886566,1987
55886567,1987
55886568,1978
55886569,1998
55886570,1959
55886571,1948
55886572,1993
55886573,1948
55886574,1978
55886575,1954
55886576,1971
55886577,1957
55886578,1952
55886579,1949
55886580,1958
55886581,1978
55886582,1948
55886583,1956
55886584,1950
55886585,1981
55886586,1950
55886587,1975
55886588,1959
55886589,1952
55886590,1966
55886591,1944
55886592,1994
55886593,1957
55886594,1951
55886595,1944
55886596,1950
55886597,1973
55886598,1988
55886599,1964
55886600,1991
55886601,1944
55886602,1966
55886603,1961
55886604,1952
55886605,1977
55886606,1997
55886607,1979
55886608,1975
55886609,1990
55886610,1950
55886611,1973
55886612,1988
55886613,1993
55886614,1974
55886615,1973
55886616,1965
55886617,1968
55886618,1954
55886619,1955
55886620,1966
55886621,1953
55886622,1977
55886623,1951
55886624,1946
55886625,1970
55886626,1971
55886627,1991
55886628,1982
55886629,1993
55886630,1946
55886631,1979
55886632,1965
55886633,1957
55886634,1943
55886635,1943
55886636,1989
55886637,1963
55886638,1995
55886639,1992
55886640,1984
55886641,1948
55886642,1962
55886643,1961
55886644,1974
55886645,1958
55886646,1999
55886647,1980
55886648,1998
55886649,1963
55886650,1999
55886651,1989
55886652,1966
55886653,1945
55886654,1966
55886655,1998
55886656,1991
55886657,1998
55886658,1967
55886659,1948
55886660,1949
55886661,1943
55886662,1951
55886663,1952
55886664,1943
55886665,1944
55886666,1947
55886667,1946
55886668,1984
55886669,1972
55886670,1979
55886671,1961
55886672,1943
55886673,1971
55886674,1981
55886675,1993
55886676,1990
55886677,1981
55886678,1954
55886679,1973
55886680,1969
55886681,1955
55886682,1996
55886683,1963
55886684,1972
55886685,1991
55886686,1978
55886687,1973
55886688,1952
55886689,1970
55886690,1965
55886691,1946
55886692,1949
55886693,1993
55886694,1957
55886695,1947
55886696,1994
55886697,1994
55886698,1973
55886699,1978
55886700,1996
55886701,1978
55886702,1994
55886703,1987
55886704,1975
55886705,1947
55886706,1992
55886707,1999
55886708,1985
55886709,1999
55886710,1985
55886711,1994
55886712,1977
55886713,1981
55886714,1996
55886715,1962
55886716,1990
55886717,1946
55886718,1959
55886719,1953
55886720,1959
55886721,1996
55886722,1982
55886723,1991
55886724,1997
55886725,1946
55886726,1993
55886727,1991
55886728,1945
55886729,1947
55886730,1963
55886731,1984
55886732,1970
55886733,1985
55886734,1999
55886735,1967
55886736,1978
55886737,1982
55886738,1979
55886739,1995
55886740,1966
55886741,1965
55886742,1974
55886743,1960
55886744,1972
55886745,1963
55886746,1943
55886747,1957
55886748,1974
55886749,1971
55886750,1965
55886751,1967
55886752,1945
55886753,1982
55886754,1992
55886755,1971
55886756,1994
55886757,1948
55886758,1958
55886759,1982
55886760,1977
55886761,1997
55886762,1988
55886763,1988
55886764,1951
55886765,1986
55886766,1961
55886767,1947
55886768,1975
55886769,1946
55886770,1993
55886771,1976
55886772,1952
55886773,1948
55886774,1988
55886775,1968
55886776,1955
55886777,1989
55886778,1993
55886779,1982
55886780,1981
55886781,1960
55886782,1975
55886783,1948
55886784,1980
55886785,1951
55886786,1967
55886787,1986
55886788,1952
55886789,1949
55886790,1943
55886791,1945
55886792,1955
55886793,1967
55886794,1956
55886795,1965
55886796,1998
55886797,1963
55886798,1978
55886799,1945
55886800,1951
55886801,1998
55886802,1945
55886803,1984
55886804,1980
55886805,1998
55886806,1997
55886807,1987
55886808,1970
55886809,1966
55886810,1977
55886811,1947
55886812,1985
55886813,1961
55886814,1952
55886815,1972
55886816,1968
55886817,1957
55886818,1967
55886819,1971
55886820,1944
55886821,1994
55886822,1983
55886823,1962
55886824,1986
55886825,1962
55886826,1999
55886827,1984
55886828,1994
55886829,1947
55886830,1987
55886831,1954
55886832,1964
55886833,1987
55886834,1948
55886835,1962
55886836,1977
55886837,1947
55886838,1991
55886839,1946
55886840,1998
55886841,1949
55886842,1986
55886843,1960
55886844,1987
55886845,1946
55886846,1994
55886847,1999
55886848,1947
55886849,1966
55886850,1973
55886851,1983
55886852,1977
55886853,1951
55886854,1997
55886855,1966
55886856,1999
55886857,1959
55886858,1978
55886859,1978
55886860,1951
55886861,1972
55886862,1955
55886863,1944
55886864,1952
55886865,1983
55886866,1978
55886867,1998
55886868,1982
55886869,1991
55886870,1950
55886871,1965
55886872,1980
55886873,1967
55886874,1979
55886875,1993
55886876,1969
55886877,1997
55886878,1980
55886879,1987
55886880,1982
55886881,1959
55886882,1945
55886883,1947
55886884,1947
55886885,1996
55886886,1968
55886887,1997
55886888,1969
55886889,1957
55886890,1980
55886891,1955
55886892,1976
55886893,1946
55886894,1957
55886895,1993
55886896,1978
55886897,1957
55886898,1955
55886899,1968
55886900,1994
55886901,1963
55886902,1961
55886903,1983
55886904,1971
55886905,1949
55886906,1959
55886907,1953
55886908,1993
55886909,1984
55886910,1995
55886911,1961
55886912,1972
55886913,1947
55886914,1949
55886915,1995
55886916,1971
55886917,1957
55886918,1999
55886919,1952
55886920,1954
55886921,1990
55886922,1993
55886923,1999
55886924,1945
55886925,1948
55886926,1960
55886927,1979
55886928,1986
55886929,1944
55886930,1972
55886931,1993
55886932,1999
55886933,1963
55886934,1975
55886935,1999
55886936,1980
55886937,1954
55886938,1957
55886939,1960
55886940,1955
55886941,1981
55886942,1982
55886943,1950
55886944,1992
55886945,1968
55886946,1967
55886947,1960
55886948,1946
55886949,1944
55886950,1960
55886951,1948
55886952,1999
55886953,1949
55886954,1988
55886955,1949
55886956,1986
55886957,1957
55886958,1973
55886959,1981
55886960,1978
55886961,1962
55886962,1999
55886963,1986
55886964,1946
55886965,1968
55886966,1951
55886967,1948
55886968,1955
55886969,1971
55886970,1964
55886971,1968
55886972,1986
55886973,1943
55886974,1970
55886975,1966
55886976,1998
55886977,1964
55886978,1978
55886979,1981
55886980,1998
55886981,1953
55886982,1996
55886983,1955
55886984,1973
55886985,1972
55886986,1967
55886987,1995
55886988,1952
55886989,1984
55886990,1958
55886991,1961
55886992,1971
55886993,1986
55886994,1961
55886995,1975
55886996,1979
55886997,1979
55886998,1991
55886999,1962
55887000,1999
55887001,1970
55887002,1955
55887003,1998
55887004,1989
55887005,1965
55887006,1963
55887007,1968
55887008,1978
55887009,1962
55887010,1960
55887011,1984
55887012,1944
55887013,1964
55887014,1970
55887015,1948
55887016,1943
55887017,1970
55887018,1989
55887019,1943
55887020,1966
55887021,1980
55887022,1992
55887023,1946
55887024,1945
55887025,1992
55887026,1986
55887027,1969
55887028,1970
55887029,1975
55887030,1948
55887031,1990
55887032,1954
55887033,1955
55887034,1958
55887035,1959
55887036,1943
55887037,1949
55887038,1953
55887039,1979
55887040,1966
55887041,1944
55887042,1946
55887043,1996
55887044,1963
55887045,1986
55887046,1944
55887047,1967
55887048,1979
55887049,1991
55887050,1970
55887051,1980
55887052,1989
55887053,1969
55887054,1979
55887055,1946
55887056,1977
55887057,1944
55887058,1996
55887059,1979
55887060,1946
55887061,1954
55887062,1947
55887063,1962
55887064,1992
55887065,1990
55887066,1989
55887067,1943
55887068,1949
55887069,1997
55887070,1970
55887071,1943
55887072,1977
55887073,1989
55887074,1957
55887075,1971
55887076,1991
55887077,1949
55887078,1983
55887079,1993
55887080,1946
55887081,1984
55887082,1998
55887083,1984
55887084,1975
55887085,1980
55887086,1995
55887087,1987
55887088,1980
55887089,1989
55887090,1990
55887091,1944
55887092,1947
55887093,1972
55887094,1946
55887095,1962
55887096,1976
55887097,1948
55887098,1964
55887099,1970
55887100,1997
55887101,1952
55887102,1952
55887103,1960
55887104,1961
55887105,1957
55887106,1995
55887107,1944
55887108,1981
55887109,1946
55887110,1956
55887111,1955
55887112,1969
55887113,1969
55887114,1979
55887115,1945
55887116,1986
55887117,1951
55887118,1972
55887119,1965
55887120,1971
55887121,1963
55887122,1998
55887123,1951
55887124,1997
55887125,1953
55887126,1981
55887127,1956
55887128,1997
55887129,1957
55887130,1965
55887131,1946
55887132,1968
55887133,1983
55887134,1958
55887135,1960
55887136,1952
55887137,1949
55887138,1998
55887139,1967
55887140,1958
55887141,1955
55887142,1943
55887143,1953
55887144,1997
55887145,1981
55887146,1958
55887147,1962
55887148,1994
55887149,1959
55887150,1983
55887151,1970
55887152,1969
55887153,1955
55887154,1946
55887155,1984
55887156,1947
55887157,1982
55887158,1974
55887159,1998
55887160,1946
55887161,1962
55887162,1948
55887163,1949
55887164,1978
55887165,1960
55887166,1961
55887167,1955
55887168,1958
55887169,1963
55887170,1970
55887171,1960
55887172,1972
55887173,1954
55887174,1990
55887175,1999
55887176,1976
55887177,1965
55887178,1983
55887179,1967
55887180,1950
55887181,1990
55887182,1958
55887183,1947
55887184,1970
55887185,1987
55887186,1999
55887187,1968
55887188,1997
55887189,1945
55887190,1993
55887191,1981
55887192,1944
55887193,1983
55887194,1959
55887195,1956
55887196,1972
55887197,1946
55887198,1981
55887199,1952
55887200,1981
55887201,1950
55887202,1946
55887203,1965
55887204,1979
55887205,1998
55887206,1999
55887207,1967
55887208,1945
55887209,1982
55887210,1975
55887211,1999
55887212,1972
55887213,1994
55887214,1950
55887215,1965
55887216,1995
55887217,1975
55887218,1953
55887219,1988
55887220,1985
55887221,1953
55887222,1953
55887223,1997
55887224,1980
55887225,1955
55887226,1996
55887227,1963
55887228,1988
55887229,1971
55887230,1979
55887231,1995
55887232,1948
55887233,1965
55887234,1996
55887235,1962
55887236,1953
55887237,1973
55887238,1974
55887239,1961
55887240,1975
55887241,1983
55887242,1946
55887243,1992
55887244,1992
55887245,1989
55887246,1999
55887247,1989
55887248,1974
55887249,1956
55887250,1990
55887251,1947
55887252,1998
55887253,1954
55887254,1979
55887255,1997
55887256,1955
55887257,1969
55887258,1957
55887259,1976
55887260,1998
55887261,1973
55887262,1963
55887263,1991
55887264,1999
55887265,1976
55887266,1980
55887267,1954
55887268,1996
55887269,1963
55887270,1974
55887271,1992
55887272,1991
55887273,1949
55887274,1959
55887275,1976
55887276,1986
55887277,1975
55887278,1953
55887279,1967
55887280,1998
55887281,1997
55887282,1977
55887283,1998
55887284,1970
55887285,1955
55887286,1987
55887287,1974
55887288,1993
55887289,1944
55887290,1946
55887291,1957
55887292,1999
55887293,1953
55887294,1971
55887295,1954
55887296,1976
55887297,1975
55887298,1944
55887299,1966
55887300,1943
55887301,1966
55887302,1972
55887303,1955
55887304,1952
55887305,1988
55887306,1963
55887307,1973
55887308,1993
55887309,1980
55887310,1958
55887311,1981
55887312,1989
55887313,1990
55887314,1957
55887315,1962
55887316,1979
55887317,1950
55887318,1996
55887319,1956
55887320,1965
55887321,1946
55887322,1987
55887323,1992
55887324,1962
55887325,1988
55887326,1992
55887327,1980
55887328,1965
55887329,1959
55887330,1966
55887331,1962
55887332,1977
55887333,1970
55887334,1964
55887335,1989
55887336,1995
55887337,1958
55887338,1957
55887339,1961
55887340,1962
55887341,1948
55887342,1977
55887343,1951
55887344,1943
55887345,1992
55887346,1979
55887347,1953
55887348,1982
55887349,1970
55887350,1998
55887351,1946
55887352,1949
55887353,1946
55887354,1971
55887355,1957
55887356,1984
55887357,1962
55887358,1956
55887359,1990
55887360,1977
55887361,1972
55887362,1988
55887363,1985
55887364,1990
55887365,1960
55887366,1972
55887367,1994
55887368,1959
55887369,1974
55887370,1989
55887371,1982
55887372,1979
55887373,1944
55887374,1977
55887375,1993
55887376,1988
55887377,1968
55887378,1976
55887379,1959
55887380,1951
55887381,1959
55887382,1993
55887383,1973
55887384,1989
55887385,1998
55887386,1959
55887387,1972
55887388,1993
55887389,1991
55887390,1984
55887391,1953
55887392,1949
55887393,1953
55887394,1955
55887395,1963
55887396,1972
55887397,1951
55887398,1963
55887399,1955
55887400,1953
55887401,1943
55887402,1982
55887403,1955
55887404,1961
55887405,1993
55887406,1950
55887407,1998
55887408,1949
55887409,1957
55887410,1981
55887411,1954
55887412,1961
55887413,1956
55887414,1977
55887415,1963
55887416,1944
55887417,1971
55887418,1958
55887419,1962
55887420,1989
55887421,1954
55887422,1976
55887423,1974
55887424,1980
55887425,1981
55887426,1973
55887427,1950
55887428,1977
55887429,1952
55887430,1945
55887431,1946
55887432,1945
55887433,1950
55887434,1954
55887435,1956
55887436,1982
55887437,1979
55887438,1962
55887439,1944
55887440,1997
55887441,1985
55887442,1961
55887443,1998
55887444,1989
55887445,1964
55887446,1946
55887447,1981
55887448,1976
55887449,1992
55887450,1995
55887451,1951
55887452,1973
55887453,1989
55887454,1983
55887455,1985
55887456,1946
55887457,1999
55887458,1976
55887459,1945
55887460,1988
55887461,1999
55887462,1977
55887463,1958
55887464,1947
55887465,1966
55887466,1999
55887467,1949
55887468,1999
55887469,1986
55887470,1982
55887471,1992
55887472,1991
55887473,1960
55887474,1995
55887475,1980
55887476,1949
55887477,1957
55887478,1952
55887479,1944
55887480,1948
55887481,1973
55887482,1989
55887483,1971
55887484,1983
55887485,1954
55887486,1962
55887487,1963
55887488,1988
55887489,1969
55887490,1953
55887491,1951
55887492,1985
55887493,1991
55887494,1968
55887495,1978
55887496,1948
55887497,1995
55887498,1990
55887499,1966
55887500,1988
55887501,1989
55887502,1988
55887503,1948
55887504,1998
55887505,1998
55887506,1984
55887507,1960
55887508,1990
55887509,1971
55887510,1975
55887511,1943
55887512,1952
55887513,1952
55887514,1954
55887515,1993
55887516,1960
55887517,1957
55887518,1983
55887519,1982
55887520,1968
55887521,1962
55887522,1973
55887523,1943
55887524,1964
55887525,1993
55887526,1984
55887527,1994
55887528,1980
55887529,1958
55887530,1973
55887531,1962
55887532,1950
55887533,1949
55887534,1998
55887535,1974
55887536,1964
55887537,1991
55887538,1993
55887539,1946
55887540,1961
55887541,1974
55887542,1978
55887543,1960
55887544,1956
55887545,1973
55887546,1966
55887547,1966
55887548,1968
55887549,1992
55887550,1954
55887551,1962
55887552,1997
55887553,1953
55887554,1945
55887555,1981
55887556,1986
55887557,1963
55887558,1997
55887559,1991
55887560,1973
55887561,1946
55887562,1947
55887563,1964
55887564,1988
55887565,1978
55887566,1971
55887567,1955
55887568,1986
55887569,1995
55887570,1947
55887571,1985
55887572,1977
55887573,1983
55887574,1961
55887575,1952
55887576,1990
55887577,1968
55887578,1967
55887579,1956
55887580,1976
55887581,1977
55887582,1962
55887583,1968
55887584,1979
55887585,1995
55887586,1998
55887587,1951
55887588,1985
55887589,1952
55887590,1994
55887591,1964
55887592,1953
55887593,1997
55887594,1983
55887595,1995
55887596,1994
55887597,1956
55887598,1947
55887599,1947
55887600,1957
55887601,1961
55887602,1950
55887603,1996
55887604,1974
55887605,1959
55887606,1969
55887607,1985
55887608,1973
55887609,1981
55887610,1985
55887611,1959
55887612,1986
55887613,1989
55887614,1960
55887615,1976
55887616,1987
55887617,1968
55887618,1959
55887619,1964
55887620,1969
55887621,1989
55887622,1968
55887623,1971
55887624,1944
55887625,1943
55887626,1953
55887627,1994
55887628,1970
55887629,1981
55887630,1980
55887631,1995
55887632,1975
55887633,1962
55887634,1957
55887635,1995
55887636,1997
55887637,1956
55887638,1968
55887639,1974
55887640,1989
55887641,1962
55887642,1986
55887643,1944
55887644,1959
55887645,1996
55887646,1948
55887647,1984
55887648,1946
55887649,1994
55887650,1972
55887651,1978
55887652,1977
55887653,1945
55887654,1952
55887655,1962
55887656,1966
55887657,1947
55887658,1955
55887659,1961
55887660,1994
55887661,1976
55887662,1996
55887663,1975
55887664,1961
55887665,1943
55887666,1956
55887667,1951
55887668,1963
55887669,1981
55887670,1985
55887671,1956
55887672,1961
55887673,1962
55887674,1983
55887675,1987
55887676,1966
55887677,1983
55887678,1965
55887679,1960
55887680,1973
55887681,1972
55887682,1992
55887683,1959
55887684,1950
55887685,1995
55887686,1966
55887687,1953
55887688,1957
55887689,1950
55887690,1943
55887691,1973
55887692,1949
55887693,1989
55887694,1943
55887695,1943
55887696,1949
55887697,1986
55887698,1996
55887699,1999
55887700,1946
55887701,1971
55887702,1974
55887703,1953
55887704,1990
55887705,1959
55887706,1968
55887707,1993
55887708,1947
55887709,1994
55887710,1949
55887711,1976
55887712,1977
55887713,1970
55887714,1981
55887715,1976
55887716,1978
55887717,1976
55887718,1996
55887719,1960
55887720,1975
55887721,1950
55887722,1997
55887723,1984
55887724,1944
55887725,1946
55887726,1965
55887727,1963
55887728,1956
55887729,1953
55887730,1974
55887731,1969
55887732,1943
55887733,1978
55887734,1991
55887735,1977
55887736,1963
55887737,1987
55887738,1955
55887739,1959
55887740,1988
55887741,1964
55887742,1962
55887743,1951
55887744,1998
55887745,1948
55887746,1955
55887747,1975
55887748,1960
55887749,1985
55887750,1953
55887751,1969
55887752,1977
55887753,1963
55887754,1989
55887755,1982
55887756,1961
55887757,1944
55887758,1978
55887759,1976
55887760,1996
55887761,1981
55887762,1948
55887763,1994
55887764,1998
55887765,1956
55887766,1955
55887767,1981
55887768,1967
55887769,1974
55887770,1943
55887771,1969
55887772,1981
55887773,1968
55887774,1990
55887775,1993
55887776,1953
55887777,1963
55887778,1954
55887779,1943
55887780,1982
55887781,1989
55887782,1976
55887783,1958
55887784,1951
55887785,1970
55887786,1976
55887787,1960
55887788,1972
55887789,1974
55887790,1966
55887791,1960
55887792,1983
55887793,1948
55887794,1989
55887795,1999
55887796,1954
55887797,1990
55887798,1983
55887799,1956
55887800,1943
55887801,1951
55887802,1951
55887803,1993
55887804,1983
55887805,1956
55887806,1956
55887807,1977
55887808,1966
55887809,1990
55887810,1997
55887811,1986
55887812,1945
55887813,1997
55887814,1952
55887815,1945
55887816,1982
55887817,1989
55887818,1990
55887819,1946
55887820,1950
55887821,1986
55887822,1966
55887823,1969
55887824,1956
55887825,1993
55887826,1952
55887827,1986
55887828,1982
55887829,1983
55887830,1983
55887831,1951
55887832,1978
55887833,1975
55887834,1986
55887835,1973
55887836,1970
55887837,1957
55887838,1975
55887839,1965
55887840,1991
55887841,1969
55887842,1948
55887843,1966
55887844,1959
55887845,1977
55887846,1945
55887847,1986
55887848,1991
55887849,1976
55887850,1952
55887851,1976
55887852,1989
55887853,1986
55887854,1953
55887855,1981
55887856,1979
55887857,1971
55887858,1988
55887859,1963
55887860,1996
55887861,1974
55887862,1951
55887863,1992
55887864,1990
55887865,1958
55887866,1996
55887867,1949
55887868,1975
55887869,1968
55887870,1989
55887871,1984
55887872,1973
55887873,1969
55887874,1960
55887875,1960
55887876,1945
55887877,1995
55887878,1976
55887879,1986
55887880,1944
55887881,1978
55887882,1975
55887883,1943
55887884,1995
55887885,1964
55887886,1955
55887887,1966
55887888,1982
55887889,1982
55887890,1996
55887891,1996
55887892,1947
55887893,1972
55887894,1974
55887895,1999
55887896,1951
55887897,1984
55887898,1996
55887899,1956
55887900,1968
55887901,1982
55887902,1998
55887903,1964
55887904,1984
55887905,1982
55887906,1976
55887907,1981
55887908,1992
55887909,1979
55887910,1986
55887911,1960
55887912,1960
55887913,1986
55887914,1985
55887915,1955
55887916,1974
55887917,1993
55887918,1949
55887919,1960
55887920,1943
55887921,1963
55887922,1943
55887923,1992
55887924,1957
55887925,1943
55887926,1944
55887927,1984
55887928,1949
55887929,1966
55887930,1991
55887931,1979
55887932,1997
55887933,1969
55887934,1944
55887935,1988
55887936,1955
55887937,1996
55887938,1985
55887939,1967
55887940,1964
55887941,1958
55887942,1970
55887943,1956
55887944,1955
55887945,1946
55887946,1997
55887947,1957
55887948,1950
55887949,1973
55887950,1949
55887951,1982
55887952,1963
55887953,1975
55887954,1998
55887955,1949
55887956,1959
55887957,1982
55887958,1946
55887959,1956
55887960,1966
55887961,1949
55887962,1993
55887963,1995
55887964,1975
55887965,1965
55887966,1995
55887967,1966
55887968,1951
55887969,1964
55887970,1982
55887971,1974
55887972,1969
55887973,1975
55887974,1964
55887975,1951
55887976,1957
55887977,1974
55887978,1993
55887979,1962
55887980,1964
55887981,1998
55887982,1956
55887983,1981
55887984,1953
55887985,1993
55887986,1957
55887987,1994
55887988,1978
55887989,1952
55887990,1963
55887991,1956
55887992,1967
55887993,1979
55887994,1961
55887995,1986
55887996,1950
55887997,1976
55887998,1962
55887999,1980
55888000,1970
55888001,1957
55888002,1959
55888003,1974
55888004,1963
55888005,1946
55888006,1962
55888007,1952
55888008,1978
55888009,1953
55888010,1959
55888011,1990
55888012,1966
55888013,1998
55888014,1957
55888015,1992
55888016,1969
55888017,1962
55888018,1954
55888019,1963
55888020,1975
55888021,1977
55888022,1961
55888023,1943
55888024,1986
55888025,1954
55888026,1961
55888027,1944
55888028,1991
55888029,1969
55888030,1958
55888031,1979
55888032,1983
55888033,1963
55888034,1993
55888035,1981
55888036,1995
55888037,1980
55888038,1989
55888039,1975
55888040,1958
55888041,1958
55888042,1955
55888043,1958
55888044,1963
55888045,1988
55888046,1996
55888047,1985
55888048,1970
55888049,1959
55888050,1943
55888051,1981
55888052,1993
55888053,1979
55888054,1945
55888055,1963
55888056,1984
55888057,1956
55888058,1998
55888059,1945
55888060,1943
55888061,1958
55888062,1961
55888063,1955
55888064,1963
55888065,1948
55888066,1980
55888067,1954
55888068,1965
55888069,1967
55888070,1962
55888071,1963
55888072,1960
55888073,1973
55888074,1946
55888075,1954
55888076,1961
55888077,1981
55888078,1995
55888079,1981
55888080,1955
55888081,1982
55888082,1951
55888083,1976
55888084,1958
55888085,1974
55888086,1947
55888087,1989
55888088,1969
55888089,1974
55888090,1987
55888091,1972
55888092,1987
55888093,1965
55888094,1993
55888095,1999
55888096,1994
55888097,1950
55888098,1952
55888099,1972
55888100,1962
55888101,1964
55888102,1971
55888103,1945
55888104,1980
55888105,1953
55888106,1997
55888107,1965
55888108,1969
55888109,1972
55888110,1952
55888111,1990
55888112,1978
55888113,1950
55888114,1945
55888115,1993
55888116,1951
55888117,1979
55888118,1990
55888119,1993
55888120,1979
55888121,1981
55888122,1983
55888123,1950
55888124,1984
55888125,1988
55888126,1955
55888127,1962
55888128,1960
55888129,1945
55888130,1986
55888131,1978
55888132,1957
55888133,1991
55888134,1951
55888135,1991
55888136,1953
55888137,1997
55888138,1954
55888139,1996
55888140,1981
55888141,1975
55888142,1950
55888143,1965
55888144,1951
55888145,1999
55888146,1950
55888147,1995
55888148,1943
55888149,1987
55888150,1959
55888151,1952
55888152,1980
55888153,1994
55888154,1968
55888155,1981
55888156,1995
55888157,1982
55888158,1961
55888159,1983
55888160,1962
55888161,1965
55888162,1981
55888163,1972
55888164,1953
55888165,1965
55888166,1948
55888167,1989
55888168,1966
55888169,1993
55888170,1965
55888171,1952
55888172,1967
55888173,1996
55888174,1949
55888175,1978
55888176,1972
55888177,1961
55888178,1974
55888179,1978
55888180,1999
55888181,1954
55888182,1955
55888183,1943
55888184,1947
55888185,1992
55888186,1958
55888187,1978
55888188,1959
55888189,1981
55888190,1962
55888191,1977
55888192,1987
55888193,1974
55888194,1967
55888195,1993
55888196,1975
55888197,1985
55888198,1966
55888199,1968
55888200,1970
55888201,1975
55888202,1990
55888203,1950
55888204,1985
55888205,1950
55888206,1975
55888207,1960
55888208,1977
55888209,1956
55888210,1969
55888211,1946
55888212,1967
55888213,1980
55888214,1944
55888215,1970
55888216,1950
55888217,1944
55888218,1964
55888219,1962
55888220,1957
55888221,1993
55888222,1950
55888223,1961
55888224,1954
55888225,1981
55888226,1944
55888227,1980
55888228,1990
55888229,1990
55888230,1962
55888231,1993
55888232,1982
55888233,1997
55888234,1975
55888235,1954
55888236,1967
55888237,1959
55888238,1944
55888239,1945
55888240,1949
55888241,1999
55888242,1994
55888243,1952
55888244,1980
55888245,1978
55888246,1988
55888247,1970
55888248,1970
55888249,1980
55888250,1990
55888251,1985
55888252,1987
55888253,1975
55888254,1952
55888255,1965
55888256,1997
55888257,1959
55888258,1997
55888259,1963
55888260,1998
55888261,1992
55888262,1991
55888263,1965
55888264,1997
55888265,1947
55888266,1975
55888267,1957
55888268,1952
55888269,1959
55888270,1943
55888271,1969
55888272,1966
55888273,1980
55888274,1965
55888275,1959
55888276,1998
55888277,1961
55888278,1957
55888279,1962
55888280,1973
55888281,1979
55888282,1985
55888283,1982
55888284,1964
55888285,1968
55888286,1980
55888287,1973
55888288,1970
55888289,1993
55888290,1980
55888291,1959
55888292,1983
55888293,1970
55888294,1949
55888295,1954
55888296,1956
55888297,1962
55888298,1956
55888299,1993
55888300,1970
55888301,1951
55888302,1997
55888303,1998
55888304,1964
55888305,1995
55888306,1980
55888307,1949
55888308,1946
55888309,1969
55888310,1945
55888311,1952
55888312,1971
55888313,1981
55888314,1958
55888315,1944
55888316,1969
55888317,1976
55888318,1986
55888319,1991
55888320,1969
55888321,1994
55888322,1995
55888323,1977
55888324,1997
55888325,1947
55888326,1994
55888327,1966
55888328,1952
55888329,1964
55888330,1998
55888331,1956
55888332,1986
55888333,1949
55888334,1978
55888335,1950
55888336,1970
55888337,1974
55888338,1985
55888339,1964
55888340,1948
55888341,1999
55888342,1954
55888343,1969
55888344,1975
55888345,1994
55888346,1996
55888347,1979
55888348,1971
55888349,1978
55888350,1958
55888351,1975
55888352,1955
55888353,1961
55888354,1974
55888355,1956
55888356,1986
55888357,1989
55888358,1965
55888359,1958
55888360,1968
55888361,1949
55888362,1981
55888363,1944
55888364,1987
55888365,1977
55888366,1982
55888367,1963
55888368,1945
55888369,1981
55888370,1945
55888371,1959
55888372,1989
55888373,1981
55888374,1952
55888375,1984
55888376,1959
55888377,1997
55888378,1972
55888379,1993
55888380,1969
55888381,1976
55888382,1952
55888383,1947
55888384,1989
55888385,1978
55888386,1976
55888387,1955
55888388,1999
55888389,1998
55888390,1954
55888391,1952
55888392,1982
55888393,1977
55888394,1955
55888395,1968
55888396,1996
55888397,1980
55888398,1979
55888399,1943
55888400,1987
55888401,1986
55888402,1957
55888403,1943
55888404,1986
55888405,1972
55888406,1953
55888407,1964
55888408,1980
55888409,1996
55888410,1982
55888411,1984
55888412,1951
55888413,1987
55888414,1946
55888415,1950
55888416,1956
55888417,1973
55888418,1979
55888419,1991
55888420,1981
55888421,1985
55888422,1998
55888423,1994
55888424,1956
55888425,1967
55888426,1993
55888427,1967
55888428,1947
55888429,1956
55888430,1995
55888431,1975
55888432,1969
55888433,1963
55888434,1950
55888435,1972
55888436,1962
55888437,1993
55888438,1956
55888439,1950
55888440,1984
55888441,1971
55888442,1996
55888443,1999
55888444,1968
55888445,1995
55888446,1968
55888447,1945
55888448,1971
55888449,1963
55888450,1982
55888451,1950
55888452,1989
55888453,1981
55888454,1981
55888455,1978
55888456,1962
55888457,1989
55888458,1998
55888459,1994
55888460,1959
55888461,1945
55888462,1955
55888463,1973
55888464,1996
55888465,1955
55888466,1947
55888467,1972
55888468,1974
55888469,1952
55888470,1972
55888471,1972
55888472,1957
55888473,1996
55888474,1975
55888475,1948
55888476,1978
55888477,1995
55888478,1979
55888479,1999
55888480,1996
55888481,1952
55888482,1971
55888483,1989
55888484,1991
55888485,1968
55888486,1967
55888487,1981
55888488,1995
55888489,1966
55888490,1960
55888491,1981
55888492,1988
55888493,1965
55888494,1974
55888495,1966
55888496,1985
55888497,1951
55888498,1949
55888499,1997
55888500,1990
55888501,1958
55888502,1974
55888503,1945
55888504,1999
55888505,1986
55888506,1980
55888507,1961
55888508,1991
55888509,1955
55888510,1962
55888511,1984
55888512,1947
55888513,1994
55888514,1966
55888515,1994
55888516,1991
55888517,1985
55888518,1977
55888519,1954
55888520,1998
55888521,1982
55888522,1967
55888523,1944
55888524,1984
55888525,1960
55888526,1985
55888527,1989
55888528,1999
55888529,1964
55888530,1981
55888531,1989
55888532,1999
55888533,1985
55888534,1990
55888535,1989
55888536,1976
55888537,1975
55888538,1974
55888539,1955
55888540,1996
55888541,1965
55888542,1943
55888543,1997
55888544,1973
55888545,1943
55888546,1998
55888547,1986
55888548,1993
55888549,1954
55888550,1978
55888551,1989
55888552,1968
55888553,1982
55888554,1998
55888555,1963
55888556,1951
55888557,1946
55888558,1952
55888559,1980
55888560,1961
55888561,1954
55888562,1990
55888563,1998
55888564,1982
55888565,1949
55888566,1966
55888567,1997
55888568,1954
55888569,1958
55888570,1970
55888571,1954
55888572,1980
55888573,1996
55888574,1945
55888575,1978
55888576,1955
55888577,1993
55888578,1987
55888579,1958
55888580,1998
55888581,1969
55888582,1992
55888583,1971
55888584,1995
55888585,1943
55888586,1947
55888587,1967
55888588,1960
55888589,1955
55888590,1988
55888591,1969
55888592,1983
55888593,1953
55888594,1968
55888595,1991
55888596,1944
55888597,1948
55888598,1951
55888599,1991
55888600,1996
55888601,1947
55888602,1946
55888603,1949
55888604,1973
55888605,1998
55888606,1967
55888607,1945
55888608,1955
55888609,1975
55888610,1954
55888611,1974
55888612,1994
55888613,1996
55888614,1979
55888615,1973
55888616,1969
55888617,1957
55888618,1979
55888619,1958
55888620,1982
55888621,1977
55888622,1958
55888623,1965
55888624,1968
55888625,1966
55888626,1976
55888627,1950
55888628,1978
55888629,1975
55888630,1986
55888631,1967
55888632,1984
55888633,1954
55888634,1953
55888635,1982
55888636,1949
55888637,1984
55888638,1974
55888639,1945
55888640,1947
55888641,1969
55888642,1980
55888643,1984
55888644,1990
55888645,1944
55888646,1959
55888647,1949
55888648,1964
55888649,1988
55888650,1953
55888651,1976
55888652,1957
55888653,1948
55888654,1990
55888655,1943
55888656,1995
55888657,1946
55888658,1973
55888659,1999
55888660,1953
55888661,1983
55888662,1955
55888663,1973
55888664,1959
55888665,1961
55888666,1980
55888667,1950
55888668,1995
55888669,1960
55888670,1953
55888671,1986
55888672,1946
55888673,1958
55888674,1990
55888675,1999
55888676,1985
55888677,1991
55888678,1999
55888679,1971
55888680,1982
55888681,1964
55888682,1985
55888683,1987
55888684,1953
55888685,1976
55888686,1947
55888687,1954
55888688,1957
55888689,1974
55888690,1952
55888691,1961
55888692,1973
55888693,1943
55888694,1972
55888695,1971
55888696,1986
55888697,1974
55888698,1986
55888699,1945
55888700,1947
55888701,1966
55888702,1994
55888703,1949
55888704,1990
55888705,1978
55888706,1953
55888707,1961
55888708,1988
55888709,1992
55888710,1996
55888711,1971
55888712,1953
55888713,1959
55888714,1963
55888715,1997
55888716,1980
55888717,1991
55888718,1987
55888719,1951
55888720,1946
55888721,1962
55888722,1967
55888723,1963
55888724,1985
55888725,1961
55888726,1960
55888727,1982
55888728,1989
55888729,1967
55888730,1993
55888731,1961
55888732,1956
55888733,1947
55888734,1989
55888735,1955
55888736,1984
55888737,1960
55888738,1976
55888739,1963
55888740,1973
55888741,1951
55888742,1947
55888743,1953
55888744,1951
55888745,1974
55888746,1995
55888747,1989
55888748,1956
55888749,1977
55888750,1950
55888751,1988
55888752,1985
55888753,1944
55888754,1980
55888755,1945
55888756,1959
55888757,1980
55888758,1974
55888759,1945
55888760,1986
55888761,1998
55888762,1998
55888763,1965
55888764,1962
55888765,1994
55888766,1963
55888767,1978
55888768,1974
55888769,1984
55888770,1973
55888771,1993
55888772,1994
55888773,1979
55888774,1998
55888775,1986
55888776,1995
55888777,1971
55888778,1997
55888779,1985
55888780,1983
55888781,1990
55888782,1947
55888783,1978
55888784,1971
55888785,1947
55888786,1945
55888787,1952
55888788,1959
55888789,1996
55888790,1981
55888791,1955
55888792,1946
55888793,1968
55888794,1959
55888795,1988
55888796,1950
55888797,1980
55888798,1978
55888799,1982
55888800,1968
55888801,1977
55888802,1974
55888803,1980
55888804,1944
55888805,1988
55888806,1950
55888807,1949
55888808,1948
55888809,1953
55888810,1966
55888811,1953
55888812,1982
55888813,1978
55888814,1975
55888815,1983
55888816,1962
55888817,1978
55888818,1956
55888819,1999
55888820,1988
55888821,1992
55888822,1981
55888823,1991
55888824,1969
55888825,1982
55888826,1948
55888827,1960
55888828,1948
55888829,1956
55888830,1979
55888831,1958
55888832,1964
55888833,1975
55888834,1961
55888835,1961
55888836,1970
55888837,1958
55888838,1960
55888839,1970
55888840,1966
55888841,1960
55888842,1945
55888843,1987
55888844,1943
55888845,1956
55888846,1967
55888847,1997
55888848,1948
55888849,1943
55888850,1994
55888851,1996
55888852,1993
55888853,1956
55888854,1957
55888855,1985
55888856,1980
55888857,1967
55888858,1978
55888859,1987
55888860,1952
55888861,1984
55888862,1959
55888863,1966
55888864,1970
55888865,1974
55888866,1969
55888867,1945
55888868,1975
55888869,1965
55888870,1997
55888871,1989
55888872,1967
55888873,1967
55888874,1968
55888875,1994
55888876,1949
55888877,1944
55888878,1961
55888879,1944
55888880,1945
55888881,1945
55888882,1972
55888883,1987
55888884,1998
55888885,1959
55888886,1995
55888887,1979
55888888,1959
55888889,1973
55888890,1990
55888891,1996
55888892,1981
55888893,1987
55888894,1973
55888895,1951
55888896,1974
55888897,1944
55888898,1955
55888899,1995
55888900,1981
55888901,1978
55888902,1988
55888903,1993
55888904,1980
55888905,1949
55888906,1957
55888907,1991
55888908,1975
55888909,1987
55888910,1972
55888911,1995
55888912,1946
55888913,1949
55888914,1974
55888915,1990
55888916,1992
55888917,1978
55888918,1967
55888919,1960
55888920,1990
55888921,1952
55888922,1960
55888923,1968
55888924,1999
55888925,1982
55888926,1963
55888927,1982
55888928,1979
55888929,1960
55888930,1960
55888931,1958
55888932,1995
55888933,1958
55888934,1994
55888935,1978
55888936,1983
55888937,1944
55888938,1943
55888939,1955
55888940,1985
55888941,1949
55888942,1982
55888943,1982
55888944,1943
55888945,1964
55888946,1985
55888947,1973
55888948,1983
55888949,1948
55888950,1978
55888951,1992
55888952,1968
55888953,1959
55888954,1994
55888955,1951
55888956,1952
55888957,1970
55888958,1975
55888959,1955
55888960,1984
55888961,1975
55888962,1952
55888963,1983
55888964,1987
55888965,1978
55888966,1974
55888967,1960
55888968,1944
55888969,1973
55888970,1983
55888971,1958
55888972,1948
55888973,1961
55888974,1959
55888975,1992
55888976,1979
55888977,1978
55888978,1973
55888979,1985
55888980,1961
55888981,1968
55888982,1951
55888983,1953
55888984,1978
55888985,1999
55888986,1953
55888987,1973
55888988,1949
55888989,1956
55888990,1978
55888991,1968
55888992,1957
55888993,1978
55888994,1949
55888995,1949
55888996,1949
55888997,1966
55888998,1954
55888999,1999
55889000,1992
55889001,1968
55889002,1952
55889003,1994
55889004,1966
55889005,1994
55889006,1991
55889007,1955
55889008,1992
55889009,1991
55889010,1994
55889011,1996
55889012,1951
55889013,1966
55889014,1944
55889015,1950
55889016,1976
55889017,1982
55889018,1962
55889019,1982
55889020,1969
55889021,1947
55889022,1964
55889023,1969
55889024,1962
55889025,1981
55889026,1997
55889027,1995
55889028,1956
55889029,1944
55889030,1997
55889031,1958
55889032,1956
55889033,1991
55889034,1961
55889035,1953
55889036,1965
55889037,1951
55889038,1960
55889039,1987
55889040,1981
55889041,1966
55889042,1960
55889043,1945
55889044,1974
55889045,1957
55889046,1966
55889047,1946
55889048,1985
55889049,1995
55889050,1948
55889051,1944
55889052,1991
55889053,1978
55889054,1958
55889055,1963
55889056,1972
55889057,1959
55889058,1959
55889059,1999
55889060,1989
55889061,1992
55889062,1983
55889063,1975
55889064,1976
55889065,1978
55889066,1964
55889067,1985
55889068,1972
55889069,1959
55889070,1955
55889071,1989
55889072,1987
55889073,1969
55889074,1963
55889075,1965
55889076,1998
55889077,1997
55889078,1995
55889079,1952
55889080,1964
55889081,1948
55889082,1995
55889083,1953
55889084,1976
55889085,1953
55889086,1965
55889087,1985
55889088,1986
55889089,1971
55889090,1970
55889091,1964
55889092,1966
55889093,1951
55889094,1945
55889095,1984
55889096,1950
55889097,1947
55889098,1964
55889099,1971
55889100,1992
55889101,1976
55889102,1965
55889103,1994
55889104,1997
55889105,1980
55889106,1994
55889107,1970
55889108,1969
55889109,1961
55889110,1984
55889111,1967
55889112,1948
55889113,1975
55889114,1985
55889115,1968
55889116,1983
55889117,1961
55889118,1959
55889119,1947
55889120,1952
55889121,1950
55889122,1989
55889123,1960
55889124,1990
55889125,1998
55889126,1955
55889127,1975
55889128,1961
55889129,1978
55889130,1954
55889131,1998
55889132,1982
55889133,1953
55889134,1993
55889135,1956
55889136,1966
55889137,1998
55889138,1945
55889139,1964
55889140,1945
55889141,1955
55889142,1948
55889143,1962
55889144,1970
55889145,1957
55889146,1963
55889147,1954
55889148,1943
55889149,1952
55889150,1969
55889151,1949
55889152,1984
55889153,1978
55889154,1949
55889155,1976
55889156,1950
55889157,1970
55889158,1981
55889159,1998
55889160,1999
55889161,1959
55889162,1979
55889163,1955
55889164,1947
55889165,1977
55889166,1965
55889167,1962
55889168,1999
55889169,1989
55889170,1978
55889171,1957
55889172,1965
55889173,1986
55889174,1975
55889175,1952
55889176,1971
55889177,1989
55889178,1999
55889179,1979
55889180,1955
55889181,1952
55889182,1953
55889183,1993
55889184,1974
55889185,1983
55889186,1964
55889187,1956
55889188,1993
55889189,1981
55889190,1952
55889191,1953
55889192,1967
55889193,1984
55889194,1991
55889195,1951
55889196,1947
55889197,1970
55889198,1977
55889199,1992
55889200,1989
55889201,1999
55889202,1975
55889203,1954
55889204,1946
55889205,1969
55889206,1967
55889207,1960
55889208,1943
55889209,1960
55889210,1954
55889211,1980
55889212,1952
55889213,1971
55889214,1968
55889215,1976
55889216,1984
55889217,1987
55889218,1946
55889219,1990
55889220,1980
55889221,1978
55889222,1982
55889223,1992
55889224,1948
55889225,1965
55889226,1958
55889227,1994
55889228,1985
55889229,1955
55889230,1981
55889231,1963
55889232,1971
55889233,1966
55889234,1960
55889235,1979
55889236,1975
55889237,1954
55889238,1956
55889239,1949
55889240,1967
55889241,1966
55889242,1947
55889243,1968
55889244,1975
55889245,1969
55889246,1993
55889247,1993
55889248,1991
55889249,1994
55889250,1960
55889251,1979
55889252,1985
55889253,1947
55889254,1978
55889255,1973
55889256,1967
55889257,1998
55889258,1953
55889259,1960
55889260,1994
55889261,1952
55889262,1968
55889263,1963
55889264,1970
55889265,1998
55889266,1956
55889267,1993
55889268,1982
55889269,1995
55889270,1975
55889271,1949
55889272,1971
55889273,1980
55889274,1996
55889275,1967
55889276,1947
55889277,1993
55889278,1974
55889279,1965
55889280,1943
55889281,1977
55889282,1950
55889283,1949
55889284,1962
55889285,1969
55889286,1952
55889287,1980
55889288,1952
55889289,1970
55889290,1953
55889291,1943
55889292,1950
55889293,1945
55889294,1970
55889295,1958
55889296,1948
55889297,1978
55889298,1995
55889299,1959
55889300,1988
55889301,1958
55889302,1985
55889303,1987
55889304,1994
55889305,1985
55889306,1953
55889307,1973
55889308,1953
55889309,1988
55889310,1972
55889311,1988
55889312,1959
55889313,1982
55889314,1964
55889315,1982
55889316,1972
55889317,1966
55889318,1987
55889319,1982
55889320,1960
55889321,1947
55889322,1995
55889323,1968
55889324,1950
55889325,1945
55889326,1957
55889327,1997
55889328,1945
55889329,1989
55889330,1998
55889331,1985
55889332,1967
55889333,1969
55889334,1945
55889335,1991
55889336,1980
55889337,1993
55889338,1983
55889339,1980
55889340,1986
55889341,1983
55889342,1974
55889343,1949
55889344,1948
55889345,1966
55889346,1948
55889347,1950
55889348,1993
55889349,1968
55889350,1975
55889351,1957
55889352,1966
55889353,1979
55889354,1962
55889355,1961
55889356,1951
55889357,1991
55889358,1979
55889359,1988
55889360,1988
55889361,1947
55889362,1961
55889363,1980
55889364,1990
55889365,1984
55889366,1996
55889367,1999
55889368,1999
55889369,1975
55889370,1982
55889371,1961
55889372,1970
55889373,1945
55889374,1968
55889375,1998
55889376,1979
55889377,1945
55889378,1975
55889379,1985
55889380,1944
55889381,1972
55889382,1986
55889383,1995
55889384,1958
55889385,1966
55889386,1972
55889387,1944
55889388,1990
55889389,1974
55889390,1972
55889391,1986
55889392,1989
55889393,1943
55889394,1969
55889395,1962
55889396,1969
55889397,1967
55889398,1978
55889399,1952
55889400,1971
55889401,1964
55889402,1989
55889403,1957
55889404,1961
55889405,1997
55889406,1993
55889407,1951
55889408,1974
55889409,1982
55889410,1947
55889411,1944
55889412,1956
55889413,1948
55889414,1992
55889415,1962
55889416,1959
55889417,1954
55889418,1960
55889419,1948
55889420,1999
55889421,1991
55889422,1971
55889423,1992
55889424,1992
55889425,1969
55889426,1973
55889427,1977
55889428,1945
55889429,1967
55889430,1948
55889431,1982
55889432,1967
55889433,1958
55889434,1998
55889435,1952
55889436,1974
55889437,1993
55889438,1976
55889439,1991
55889440,1961
55889441,1995
55889442,1952
55889443,1972
55889444,1943
55889445,1960
55889446,1972
55889447,1953
55889448,1986
55889449,1956
55889450,1947
55889451,1958
55889452,1965
55889453,1945
55889454,1983
55889455,1962
55889456,1989
55889457,1948
55889458,1946
55889459,1976
55889460,1995
55889461,1966
55889462,1964
55889463,1973
55889464,1991
55889465,1967
55889466,1964
55889467,1946
55889468,1976
55889469,1999
55889470,1988
55889471,1970
55889472,1978
55889473,1993
55889474,1982
55889475,1954
55889476,1972
55889477,1945
55889478,1959
55889479,1987
55889480,1953
55889481,1944
55889482,1960
55889483,1951
55889484,1983
55889485,1987
55889486,1977
55889487,1979
55889488,1950
55889489,1949
55889490,1975
55889491,1995
55889492,1988
55889493,1984
55889494,1960
55889495,1946
55889496,1946
55889497,1965
55889498,1996
55889499,1975
55889500,1956
55889501,1994
55889502,1996
55889503,1962
55889504,1948
55889505,1994
55889506,1947
55889507,1957
55889508,1978
55889509,1970
55889510,1960
55889511,1974
55889512,1974
55889513,1953
55889514,1955
55889515,1979
55889516,1989
55889517,1967
55889518,1953
55889519,1974
55889520,1947
55889521,1943
55889522,1944
55889523,1967
55889524,1980
55889525,1979
55889526,1986
55889527,1983
55889528,1972
55889529,1954
55889530,1951
55889531,1963
55889532,1973
55889533,1994
55889534,1962
55889535,1961
55889536,1966
55889537,1995
55889538,1944
55889539,1956
55889540,1952
55889541,1959
55889542,1986
55889543,1958
55889544,1961
55889545,1979
55889546,1991
55889547,1969
55889548,1976
55889549,1959
55889550,1955
55889551,1958
55889552,1975
55889553,1981
55889554,1966
55889555,1951
55889556,1970
55889557,1956
55889558,1983
55889559,1979
55889560,1949
55889561,1981
55889562,1944
55889563,1978
55889564,1992
55889565,1982
55889566,1969
55889567,1968
55889568,1972
55889569,1981
55889570,1967
55889571,1976
55889572,1966
55889573,1998
55889574,1943
55889575,1972
55889576,1988
55889577,1981
55889578,1953
55889579,1976
55889580,1965
55889581,1995
55889582,1952
55889583,1948
55889584,1954
55889585,1981
55889586,1952
55889587,1954
55889588,1948
55889589,1953
55889590,1989
55889591,1965
55889592,1954
55889593,1960
55889594,1974
55889595,1967
55889596,1995
55889597,1964
55889598,1949
55889599,1974
55889600,1949
55889601,1963
55889602,1948
55889603,1981
55889604,1962
55889605,1943
55889606,1990
55889607,1968
55889608,1986
55889609,1999
55889610,1984
55889611,1978
55889612,1973
55889613,1951
55889614,1969
55889615,1970
55889616,1996
55889617,1957
55889618,1988
55889619,1992
55889620,1979
55889621,1969
55889622,1975
55889623,1973
55889624,1968
55889625,1989
55889626,1972
55889627,1952
55889628,1956
55889629,1999
55889630,1948
55889631,1974
55889632,1995
55889633,1968
55889634,1952
55889635,1961
55889636,1980
55889637,1965
55889638,1979
55889639,1952
55889640,1947
55889641,1948
55889642,1948
55889643,1963
55889644,1986
55889645,1968
55889646,1996
55889647,1969
55889648,1963
55889649,1982
55889650,1970
55889651,1946
55889652,1943
55889653,1982
55889654,1986
55889655,1943
55889656,1994
55889657,1986
55889658,1960
55889659,1943
55889660,1963
55889661,1983
55889662,1985
55889663,1969
55889664,1997
55889665,1988
55889666,1998
55889667,1967
55889668,1948
55889669,1995
55889670,1947
55889671,1988
55889672,1969
55889673,1953
55889674,1958
55889675,1987
55889676,1949
55889677,1961
55889678,1955
55889679,1964
55889680,1943
55889681,1949
55889682,1947
55889683,1954
55889684,1962
55889685,1978
55889686,1985
55889687,1957
55889688,1964
55889689,1970
55889690,1955
55889691,1966
55889692,1951
55889693,1997
55889694,1997
55889695,1990
55889696,1984
55889697,1974
55889698,1970
55889699,1969
55889700,1994
55889701,1971
55889702,1977
55889703,1953
55889704,1972
55889705,1988
55889706,1982
55889707,1996
55889708,1982
55889709,1954
55889710,1987
55889711,1951
55889712,1960
55889713,1999
55889714,1948
55889715,1993
55889716,1998
55889717,1962
55889718,1991
55889719,1974
55889720,1969
55889721,1958
55889722,1974
55889723,1992
55889724,1979
55889725,1964
55889726,1965
55889727,1999
55889728,1996
55889729,1986
55889730,1974
55889731,1953
55889732,1993
55889733,1978
55889734,1994
55889735,1952
55889736,1981
55889737,1980
55889738,1986
55889739,1956
55889740,1995
55889741,1962
55889742,1978
55889743,1965
55889744,1992
55889745,1979
55889746,1999
55889747,1970
55889748,1997
55889749,1977
55889750,1965
55889751,1957
55889752,1955
55889753,1990
55889754,1946
55889755,1998
55889756,1977
55889757,1959
55889758,1999
55889759,1958
55889760,1963
55889761,1994
55889762,1995
55889763,1983
55889764,1954
55889765,1952
55889766,1947
55889767,1979
55889768,1971
55889769,1999
55889770,1959
55889771,1953
55889772,1987
55889773,1957
55889774,1992
55889775,1966
55889776,1998
55889777,1985
55889778,1984
55889779,1980
55889780,1969
55889781,1979
55889782,1968
55889783,1990
55889784,1971
55889785,1983
55889786,1970
55889787,1968
55889788,1986
55889789,1976
55889790,1995
55889791,1944
55889792,1980
55889793,1946
55889794,1968
55889795,1968
55889796,1944
55889797,1964
55889798,1961
55889799,1954
55889800,1946
55889801,1952
55889802,1984
55889803,1974
55889804,1967
55889805,1945
55889806,1985
55889807,1977
55889808,1947
55889809,1952
55889810,1967
55889811,1944
55889812,1969
55889813,1998
55889814,1947
55889815,1980
55889816,1954
55889817,1992
55889818,1974
55889819,1973
55889820,1996
55889821,1997
55889822,1969
55889823,1956
55889824,1993
55889825,1943
55889826,1967
55889827,1958
55889828,1949
55889829,1978
55889830,1997
55889831,1997
55889832,1995
55889833,1992
55889834,1944
55889835,1966
55889836,1987
55889837,1955
55889838,1965
55889839,1980
55889840,1966
55889841,1952
55889842,1945
55889843,1981
55889844,1965
55889845,1992
55889846,1991
55889847,1962
55889848,1975
55889849,1991
55889850,1958
55889851,1955
55889852,1977
55889853,1972
55889854,1981
55889855,1980
55889856,1963
55889857,1994
55889858,1952
55889859,1969
55889860,1987
55889861,1984
55889862,1952
55889863,1988
55889864,1986
55889865,1944
55889866,1953
55889867,1996
55889868,1954
55889869,1991
55889870,1953
55889871,1968
55889872,1979
55889873,1974
55889874,1982
55889875,1956
55889876,1945
55889877,1979
55889878,1953
55889879,1955
55889880,1966
55889881,1954
55889882,1995
55889883,1984
55889884,1979
55889885,1987
55889886,1949
55889887,1981
55889888,1983
55889889,1992
55889890,1946
55889891,1978
55889892,1968
55889893,1968
55889894,1976
55889895,1973
55889896,1960
55889897,1945
55889898,1978
55889899,1982
55889900,1966
55889901,1993
55889902,1981
55889903,1974
55889904,1990
55889905,1943
55889906,1978
55889907,1988
55889908,1946
55889909,1944
55889910,1976
55889911,1965
55889912,1949
55889913,1952
55889914,1970
55889915,1956
55889916,1956
55889917,1995
55889918,1972
55889919,1963
55889920,1943
55889921,1953
55889922,1948
55889923,1948
55889924,1985
55889925,1986
55889926,1969
55889927,1997
55889928,1963
55889929,1949
55889930,1944
55889931,1996
55889932,1962
55889933,1973
55889934,1979
55889935,1949
55889936,1986
55889937,1947
55889938,1946
55889939,1969
55889940,1996
55889941,1960
55889942,1952
55889943,1951
55889944,1949
55889945,1953
55889946,1944
55889947,1947
55889948,1960
55889949,1952
55889950,1972
55889951,1998
55889952,1968
55889953,1981
55889954,1984
55889955,1954
55889956,1993
55889957,1982
55889958,1960
55889959,1978
55889960,1980
55889961,1969
55889962,1980
55889963,1996
55889964,1988
55889965,1977
55889966,1997
55889967,1998
55889968,1966
55889969,1970
55889970,1979
55889971,1949
55889972,1968
55889973,1998
55889974,1944
55889975,1975
55889976,1999
55889977,1965
55889978,1945
55889979,1952
55889980,1950
55889981,1996
55889982,1956
55889983,1973
55889984,1997
55889985,1992
55889986,1955
55889987,1981
55889988,1978
55889989,1996
55889990,1982
55889991,1970
55889992,1945
55889993,1988
55889994,1977
55889995,1980
55889996,1962
55889997,1983
55889998,1991
55889999,1963
55890000,1953
55890001,1996
55890002,1984
55890003,1950
55890004,1947
55890005,1968
55890006,1987
55890007,1971
55890008,1997
55890009,1955
55890010,1952
55890011,1957
55890012,1977
55890013,1952
55890014,1996
55890015,1956
55890016,1961
55890017,1989
55890018,1970
55890019,1988
55890020,1977
55890021,1973
55890022,1955
55890023,1980
55890024,1984
55890025,1948
55890026,1975
55890027,1945
55890028,1964
55890029,1955
55890030,1984
55890031,1970
55890032,1958
55890033,1998
55890034,1954
55890035,1988
55890036,1947
55890037,1983
55890038,1975
55890039,1981
55890040,1952
55890041,1971
55890042,1971
55890043,1950
55890044,1987
55890045,1950
55890046,1956
55890047,1952
55890048,1949
55890049,1981
55890050,1997
55890051,1987
55890052,1965
55890053,1999
55890054,1968
55890055,1956
55890056,1973
55890057,1975
55890058,1997
55890059,1981
55890060,1969
55890061,1955
55890062,1971
55890063,1985
55890064,1958
55890065,1988
55890066,1981
55890067,1948
55890068,1968
55890069,1950
55890070,1987
55890071,1998
55890072,1950
55890073,1961
55890074,1995
55890075,1980
55890076,1954
55890077,1983
55890078,1996
55890079,1945
55890080,1973
55890081,1961
55890082,1972
55890083,1972
55890084,1977
55890085,1970
55890086,1989
55890087,1969
55890088,1962
55890089,1987
55890090,1956
55890091,1975
55890092,1998
55890093,1948
55890094,1957
55890095,1945
55890096,1977
55890097,1976
55890098,1952
55890099,1997
55890100,1960
55890101,1991
55890102,1952
55890103,1968
55890104,1971
55890105,1955
55890106,1963
55890107,1996
55890108,1957
55890109,1952
55890110,1986
55890111,1963
55890112,1951
55890113,1966
55890114,1959
55890115,1996
55890116,1952
55890117,1988
55890118,1990
55890119,1977
55890120,1981
55890121,1966
55890122,1962
55890123,1998
55890124,1984
55890125,1974
55890126,1944
55890127,1974
55890128,1965
55890129,1969
55890130,1970
55890131,1993
55890132,1973
55890133,1975
55890134,1961
55890135,1979
55890136,1964
55890137,1961
55890138,1955
55890139,1967
55890140,1943
55890141,1989
55890142,1957
55890143,1956
55890144,1983
55890145,1960
55890146,1990
55890147,1982
55890148,1998
55890149,1973
55890150,1961
55890151,1978
55890152,1962
55890153,1990
55890154,1980
55890155,1992
55890156,1989
55890157,1953
55890158,1968
55890159,1957
55890160,1971
55890161,1987
55890162,1999
55890163,1986
55890164,1999
55890165,1957
55890166,1949
55890167,1997
55890168,1976
55890169,1988
55890170,1954
55890171,1973
55890172,1992
55890173,1952
55890174,1946
55890175,1968
55890176,1990
55890177,1974
55890178,1955
55890179,1953
55890180,1972
55890181,1971
55890182,1952
55890183,1951
55890184,1954
55890185,1945
55890186,1987
55890187,1996
55890188,1957
55890189,1989
55890190,1998
55890191,1966
55890192,1985
55890193,1978
55890194,1978
55890195,1984
55890196,1969
55890197,1953
55890198,1991
55890199,1982
55890200,1991
55890201,1991
55890202,1982
55890203,1961
55890204,1986
55890205,1970
55890206,1975
55890207,1975
55890208,1986
55890209,1951
55890210,1989
55890211,1964
55890212,1950
55890213,1997
55890214,1966
55890215,1983
55890216,1946
55890217,1976
55890218,1985
55890219,1975
55890220,1972
55890221,1954
55890222,1996
55890223,1959
55890224,1970
55890225,1990
55890226,1979
55890227,1951
55890228,1968
55890229,1977
55890230,1980
55890231,1988
55890232,1993
55890233,1984
55890234,1973
55890235,1985
55890236,1978
55890237,1952
55890238,1958
55890239,1956
55890240,1978
55890241,1983
55890242,1996
55890243,1963
55890244,1970
55890245,1973
55890246,1955
55890247,1996
55890248,1973
55890249,1999
55890250,1982
55890251,1989
55890252,1953
55890253,1991
55890254,1993
55890255,1944
55890256,1972
55890257,1976
55890258,1990
55890259,1974
55890260,1999
55890261,1991
55890262,1983
55890263,1963
55890264,1975
55890265,1986
55890266,1969
55890267,1972
55890268,1960
55890269,1951
55890270,1973
55890271,1977
55890272,1979
55890273,1966
55890274,1955
55890275,1980
55890276,1976
55890277,1973
55890278,1998
55890279,1989
55890280,1980
55890281,1993
55890282,1957
55890283,1996
55890284,1969
55890285,1975
55890286,1970
55890287,1964
55890288,1961
55890289,1960
55890290,1992
55890291,1997
55890292,1951
55890293,1979
55890294,1968
55890295,1961
55890296,1981
55890297,1955
55890298,1954
55890299,1980
55890300,1982
55890301,1968
55890302,1993
55890303,1974
55890304,1945
55890305,1964
55890306,1963
55890307,1950
55890308,1976
55890309,1998
55890310,1944
55890311,1970
55890312,1957
55890313,1966
55890314,1988
55890315,1984
55890316,1958
55890317,1983
55890318,1967
55890319,1969
55890320,1990
55890321,1984
55890322,1959
55890323,1962
55890324,1990
55890325,1972
55890326,1953
55890327,1993
55890328,1994
55890329,1953
55890330,1962
55890331,1949
55890332,1946
55890333,1960
55890334,1994
55890335,1963
55890336,1970
55890337,1951
55890338,1978
55890339,1965
55890340,1943
55890341,1967
55890342,1970
55890343,1993
55890344,1990
55890345,1973
55890346,1954
55890347,1990
55890348,1973
55890349,1986
55890350,1943
55890351,1986
55890352,1994
55890353,1977
55890354,1953
55890355,1956
55890356,1961
55890357,1976
55890358,1985
55890359,1985
55890360,1951
55890361,1971
55890362,1966
55890363,1943
55890364,1973
55890365,1959
55890366,1999
55890367,1997
55890368,1998
55890369,1954
55890370,1981
55890371,1974
55890372,1975
55890373,1980
55890374,1995
55890375,1999
55890376,1959
55890377,1964
55890378,1994
55890379,1999
55890380,1984
55890381,1983
55890382,1982
55890383,1956
55890384,1963
55890385,1970
55890386,1955
55890387,1986
55890388,1970
55890389,1962
55890390,1950
55890391,1953
55890392,1957
55890393,1958
55890394,1994
55890395,1971
55890396,1953
55890397,1971
55890398,1957
55890399,1967
55890400,1982
55890401,1957
55890402,1988
55890403,1999
55890404,1992
55890405,1965
55890406,1950
55890407,1977
55890408,1954
55890409,1972
55890410,1971
55890411,1973
55890412,1999
55890413,1988
55890414,1983
55890415,1976
55890416,1960
55890417,1976
55890418,1960
55890419,1963
55890420,1983
55890421,1960
55890422,1993
55890423,1944
55890424,1947
55890425,1944
55890426,1996
55890427,1969
55890428,1970
55890429,1997
55890430,1956
55890431,1985
55890432,1944
55890433,1978
55890434,1992
55890435,1978
55890436,1956
55890437,1961
55890438,1995
55890439,1976
55890440,1977
55890441,1991
55890442,1971
55890443,1964
55890444,1958
55890445,1948
55890446,1993
55890447,1978
55890448,1964
55890449,1999
55890450,1958
55890451,1943
55890452,1944
55890453,1966
55890454,1955
55890455,1953
55890456,1997
55890457,1983
55890458,1956
55890459,1963
55890460,1972
55890461,1988
55890462,1984
55890463,1966
55890464,1959
55890465,1998
55890466,1948
55890467,1976
55890468,1949
55890469,1974
55890470,1986
55890471,1948
55890472,1953
55890473,1989
55890474,1971
55890475,1944
55890476,1961
55890477,1984
55890478,1971
55890479,1968
55890480,1991
55890481,1967
55890482,1986
55890483,1986
55890484,1965
55890485,1959
55890486,1979
55890487,1975
55890488,1951
55890489,1978
55890490,1951
55890491,1994
55890492,1979
55890493,1994
55890494,1960
55890495,1948
55890496,1965
55890497,1955
55890498,1949
55890499,1944
55890500,1963
55890501,1979
55890502,1980
55890503,1965
55890504,1991
55890505,1958
55890506,1944
55890507,1988
55890508,1947
55890509,1993
55890510,1995
55890511,1991
55890512,1944
55890513,1951
55890514,1970
55890515,1958
55890516,1994
55890517,1975
55890518,1954
55890519,1976
55890520,1993
55890521,1965
55890522,1960
55890523,1988
55890524,1969
55890525,1949
55890526,1969
55890527,1998
55890528,1983
55890529,1982
55890530,1964
55890531,1944
55890532,1973
55890533,1955
55890534,1989
55890535,1975
55890536,1948
55890537,1943
55890538,1993
55890539,1953
55890540,1997
55890541,1956
55890542,1957
55890543,1960
55890544,1971
55890545,1974
55890546,1999
55890547,1946
55890548,1976
55890549,1985
55890550,1949
55890551,1973
55890552,1944
55890553,1944
55890554,1993
55890555,1999
55890556,1992
55890557,1951
55890558,1976
55890559,1952
55890560,1948
55890561,1994
55890562,1993
55890563,1988
55890564,1956
55890565,1960
55890566,1951
55890567,1952
55890568,1963
55890569,1959
55890570,1945
55890571,1988
55890572,1972
55890573,1944
55890574,1974
55890575,1965
55890576,1947
55890577,1993
55890578,1974
55890579,1959
55890580,1961
55890581,1950
55890582,1975
55890583,1986
55890584,1950
55890585,1963
55890586,1966
55890587,1953
55890588,1958
55890589,1983
55890590,1963
55890591,1984
55890592,1963
55890593,1993
55890594,1961
55890595,1957
55890596,1963
55890597,1987
55890598,1953
55890599,1980
55890600,1980
55890601,1958
55890602,1990
55890603,1992
55890604,1952
55890605,1951
55890606,1956
55890607,1955
55890608,1949
55890609,1979
55890610,1980
55890611,1944
55890612,1955
55890613,1968
55890614,1982
55890615,1990
55890616,1999
55890617,1981
55890618,1955
55890619,1944
55890620,1948
55890621,1951
55890622,1990
55890623,1982
55890624,1991
55890625,1957
55890626,1991
55890627,1946
55890628,1968
55890629,1948
55890630,1979
55890631,1975
55890632,1995
55890633,1968
55890634,1962
55890635,1960
55890636,1966
55890637,1974
55890638,1999
55890639,1961
55890640,1955
55890641,1971
55890642,1988
55890643,1990
55890644,1999
55890645,1953
55890646,1991
55890647,1991
55890648,1998
55890649,1953
55890650,1970
55890651,1977
55890652,1952
55890653,1962
55890654,1944
55890655,1995
55890656,1947
55890657,1986
55890658,1977
55890659,1951
55890660,1975
55890661,1953
55890662,1950
55890663,1998
55890664,1971
55890665,1957
55890666,1944
55890667,1963
55890668,1998
55890669,1955
55890670,1972
55890671,1990
55890672,1982
55890673,1989
55890674,1958
55890675,1962
55890676,1975
55890677,1968
55890678,1963
55890679,1996
55890680,1984
55890681,1994
55890682,1974
55890683,1984
55890684,1961
55890685,1997
55890686,1988
55890687,1950
55890688,1976
55890689,1957
55890690,1994
55890691,1944
55890692,1978
55890693,1967
55890694,1956
55890695,1963
55890696,1972
55890697,1944
55890698,1986
55890699,1997
55890700,1992
55890701,1970
55890702,1988
55890703,1954
55890704,1958
55890705,1998
55890706,1946
55890707,1982
55890708,1974
55890709,1963
55890710,1954
55890711,1990
55890712,1959
55890713,1961
55890714,1981
55890715,1943
55890716,1973
55890717,1960
55890718,1994
55890719,1946
55890720,1950
55890721,1967
55890722,1991
55890723,1973
55890724,1957
55890725,1962
55890726,1960
55890727,1992
55890728,1982
55890729,1944
55890730,1951
55890731,1947
55890732,1983
55890733,1994
55890734,1968
55890735,1984
55890736,1994
55890737,1955
55890738,1995
55890739,1993
55890740,1958
55890741,1954
55890742,1976
55890743,1950
55890744,1962
55890745,1991
55890746,1947
55890747,1956
55890748,1969
55890749,1986
55890750,1994
55890751,1954
55890752,1991
55890753,1948
55890754,1960
55890755,1975
55890756,1944
55890757,1967
55890758,1955
55890759,1978
55890760,1947
55890761,1969
55890762,1945
55890763,1967
55890764,1976
55890765,1960
55890766,1972
55890767,1952
55890768,1970
55890769,1997
55890770,1984
55890771,1949
55890772,1949
55890773,1998
55890774,1982
55890775,1982
55890776,1981
55890777,1966
55890778,1986
55890779,1971
55890780,1953
55890781,1989
55890782,1999
55890783,1984
55890784,1963
55890785,1947
55890786,1962
55890787,1982
55890788,1989
55890789,1965
55890790,1958
55890791,1955
55890792,1979
55890793,1957
55890794,1978
55890795,1945
55890796,1971
55890797,1982
55890798,1989
55890799,1989
55890800,1973
55890801,1965
55890802,1949
55890803,1952
55890804,1949
55890805,1950
55890806,1956
55890807,1989
55890808,1968
55890809,1991
55890810,1984
55890811,1983
55890812,1960
55890813,1990
55890814,1952
55890815,1944
55890816,1969
55890817,1965
55890818,1958
55890819,1955
55890820,1995
55890821,1964
55890822,1961
55890823,1989
55890824,1986
55890825,1975
55890826,1950
55890827,1970
55890828,1978
55890829,1961
55890830,1956
55890831,1981
55890832,1994
55890833,1976
55890834,1958
55890835,1961
55890836,1951
55890837,1965
55890838,1949
55890839,1997
55890840,1951
55890841,1993
55890842,1960
55890843,1993
55890844,1965
55890845,1997
55890846,1974
55890847,1983
55890848,1957
55890849,1991
55890850,1962
55890851,1971
55890852,1943
55890853,1944
55890854,1943
55890855,1959
55890856,1975
55890857,1975
